#,First name,Last name,Company,¿Cuántos metros mide este cable?,"¿Cuántos RJ45 hay? (responde con un número cerrado: 10, 20, 30, etc.)",¿Cuántas personas crees que asistan hoy al kickoff?,¿Cuántas vueltas tiene este cable?,¿Qué hay más: cables azules o cables negros?,¿Cuál es el nombre del sitio de Panduit que permite al integrador descargar contenido digital para sus redes sociales?,¿Cuál es el principal beneficio del cable y conectividad de cobre sobre la FO?,"FMPS (Clase 4) , ¿puede entregar hasta 600W por par de cobre?","Los UPS y conectividad de fibra óptica standard, NO tienen aplicación en un Data Center On Premise y colocation",¿Cuál fue el primer producto de PANDUIT y del cual viene nuestro nombre?,correct_answers,max_score,quiz_score,total_scorable_questions,Response Type,Start Date (UTC),Stage Date (UTC),Submit Date (UTC),Network ID,Tags,Ending
4zgco5ik0pmn6kdmtplgbkzs4zgco5iy,Carlos,Villegas,Panduit,50,100,180,34,Azules,CREM (Creative Resources Matrix),Transmisión de datos y potencia,Verdadero,Falso,Ducto ranurado,0.00,0.00,0.00,0.00,completed,2026-03-25 00:58:15,,2026-03-25 00:59:23,f18c6919a7,,¡Listo! 🎉
fdz8kyj4ct7wyfwm6bfdznz2909q31k4,Fer,Lugo,Panduit,45,15,145,35,Azules,CREM (Creative Resources Matrix),Facilidad de instalación,Verdadero,Falso,Ducto ranurado,0.00,0.00,0.00,0.00,completed,2026-03-25 00:56:41,,2026-03-25 00:57:39,f18c6919a7,,¡Listo! 🎉
j9y4pmlo6k1frf29yxdj9y4pmlzidy5b,Jordan,Chen,Riverside Development Corp,60,18,38,90,Azules,Ninguno de los anteriores,Alcanza mayor distancia,Falso,Falso,Ducto ranurado,,,,,completed,2026-03-25 00:42:56,,2026-03-25 00:42:56,f18c6919a7,AI Generated,
e7iypb0v06r40tfspkqve7iyp23klr7b,Zoe,Martinez,Meridian Corp,75,29,95,41,Azules,Ninguno de los anteriores,Transmisión de datos y potencia,Falso,Verdadero,Ducto ranurado,,,,,completed,2026-03-25 00:42:43,,2026-03-25 00:42:43,f18c6919a7,AI Generated,
"ai-c977d39c3ce24e9db5ef7f16","Sofía","Martínez","Conecta Pro","22","50","70","3","cables negros","Digital ToolBox de Panduit","Menor costo total de implementación","Verdadero","Verdadero","Ducto ranurado","","","","","completed","2026-01-22 13:30:06","","2026-01-22 13:51:06","f18c6919a7","AI Generated",""
"ai-61d7e54aaf70457e80df70f0","Mateo","Martínez","InfraLink Systems","18","20","70","2","cables azules","Digital ToolBox de Panduit","Menor costo total de implementación","Falso","Verdadero","Wire Duct","","","","","completed","2026-03-02 06:11:06","","2026-03-02 06:19:06","f18c6919a7","AI Generated",""
"ai-16112d336abd4bc592d5605f","Santiago","López","DataGrid MX","36","20","40","5","cables negros","CREM (Creative Resources Matrix)","Menor costo total de implementación","Falso","Verdadero","Canaleta","","","","","completed","2026-01-10 02:02:06","","2026-01-10 02:16:06","f18c6919a7","AI Generated",""
"ai-4b9e0714e5ba4440b3d2e89c","Camila","Rodríguez","Conecta Pro","88","30","85","8","cables azules","Digital ToolBox de Panduit","Instalación más simple y rápida","Verdadero","Falso","Ducto ranurado","","","","","completed","2025-12-30 12:53:06","","2025-12-30 13:21:06","f18c6919a7","AI Generated",""
"ai-425edc87cdd34833b64a178e","Valentina","Sánchez","Conecta Pro","113","60","85","2","cables negros","Partner Portal de Panduit","Transmisión de datos y potencia","Verdadero","Verdadero","Canaleta","","","","","completed","2026-03-06 14:27:06","","2026-03-06 14:40:06","f18c6919a7","AI Generated",""
"ai-80a9ff9cc8c84e0393a65af6","Valentina","Rodríguez","Conecta Pro","108","60","85","6","cables azules","Partner Portal de Panduit","Instalación más simple y rápida","Verdadero","Verdadero","Wire Duct","","","","","completed","2026-01-30 09:10:06","","2026-01-30 09:31:06","f18c6919a7","AI Generated",""
"ai-990b762f8f22439daa2bf156","Valentina","Pérez","Conecta Pro","94","20","100","8","cables azules","Partner Portal de Panduit","Transmisión de datos y potencia","Falso","Falso","Ducto ranurado","","","","","completed","2025-12-30 01:03:06","","2025-12-30 01:26:06","f18c6919a7","AI Generated",""
"ai-11a9f809bc8741438855b4c6","Sofía","Sánchez","InfraLink Systems","61","60","100","2","cables azules","Digital ToolBox de Panduit","Transmisión de datos y potencia","Verdadero","Falso","Wire Duct","","","","","completed","2026-03-23 04:29:06","","2026-03-23 04:52:06","f18c6919a7","AI Generated",""
"ai-a73f2c33d29d44d4aa7a8356","Sofía","Pérez","Conecta Pro","65","50","40","8","cables azules","Partner Portal de Panduit","Transmisión de datos y potencia","Falso","Verdadero","Wire Duct","","","","","completed","2026-02-22 01:33:06","","2026-02-22 01:48:06","f18c6919a7","AI Generated",""
"ai-ebc9f9014e744f6eb4150278","Valentina","García","InfraLink Systems","60","30","85","8","cables negros","CREM (Creative Resources Matrix)","Transmisión de datos y potencia","Verdadero","Falso","Ducto ranurado","","","","","completed","2026-02-02 02:13:06","","2026-02-02 02:30:06","f18c6919a7","AI Generated",""
"ai-e89720469f754dac873efae9","Camila","García","Conecta Pro","14","30","70","8","cables negros","CREM (Creative Resources Matrix)","Instalación más simple y rápida","Verdadero","Verdadero","Wire Duct","","","","","completed","2026-03-11 11:17:06","","2026-03-11 11:33:06","f18c6919a7","AI Generated",""
"ai-b12bad708cbe454f9df208d2","Camila","Rodríguez","NetCore Solutions","67","30","55","8","cables negros","Digital ToolBox de Panduit","Menor costo total de implementación","Verdadero","Verdadero","Ducto ranurado","","","","","completed","2026-01-31 22:41:06","","2026-01-31 22:51:06","f18c6919a7","AI Generated",""
"ai-f75f86f3e5ea4e119843cad8","Sofía","López","Conecta Pro","112","40","85","8","cables negros","Partner Portal de Panduit","Instalación más simple y rápida","Falso","Falso","Canaleta","","","","","completed","2026-03-15 23:29:06","","2026-03-15 23:32:06","f18c6919a7","AI Generated",""
"ai-e531962ad1d343549f7ad8ef","Sofía","Sánchez","InfraLink Systems","35","30","55","5","cables negros","Partner Portal de Panduit","Menor costo total de implementación","Falso","Verdadero","Ducto ranurado","","","","","completed","2026-01-11 13:31:06","","2026-01-11 13:32:06","f18c6919a7","AI Generated",""
"ai-a934c1efe8e5495e8090128a","Santiago","Sánchez","NetCore Solutions","55","20","40","8","cables azules","Digital ToolBox de Panduit","Transmisión de datos y potencia","Verdadero","Falso","Canaleta","","","","","completed","2026-01-12 03:32:06","","2026-01-12 03:44:06","f18c6919a7","AI Generated",""
"ai-8d83929e812f49d68e78b49a","Camila","Pérez","NetCore Solutions","92","20","100","4","cables azules","CREM (Creative Resources Matrix)","Transmisión de datos y potencia","Falso","Falso","Canaleta","","","","","completed","2026-03-14 21:40:06","","2026-03-14 22:01:06","f18c6919a7","AI Generated",""
"ai-b6730e91d25044198de3bfa4","Sofía","López","DataGrid MX","99","20","55","2","cables negros","Partner Portal de Panduit","Instalación más simple y rápida","Verdadero","Falso","Wire Duct","","","","","completed","2026-01-11 22:02:06","","2026-01-11 22:30:06","f18c6919a7","AI Generated",""
"ai-e5440bd85dc544159030b843","Santiago","Sánchez","NetCore Solutions","85","40","85","3","cables negros","CREM (Creative Resources Matrix)","Menor costo total de implementación","Verdadero","Falso","Wire Duct","","","","","completed","2026-03-13 09:11:06","","2026-03-13 09:33:06","f18c6919a7","AI Generated",""
"ai-3609983499c44a10bbcf8ab8","Mateo","López","Conecta Pro","65","60","40","4","cables negros","Digital ToolBox de Panduit","Transmisión de datos y potencia","Verdadero","Falso","Ducto ranurado","","","","","completed","2026-01-17 12:53:06","","2026-01-17 12:57:06","f18c6919a7","AI Generated",""
"ai-21f90310eb2f49ec94a13e98","Santiago","Sánchez","NetCore Solutions","80","60","40","5","cables azules","Partner Portal de Panduit","Transmisión de datos y potencia","Verdadero","Falso","Wire Duct","","","","","completed","2026-02-09 22:38:06","","2026-02-09 23:05:06","f18c6919a7","AI Generated",""
"ai-5a25dc83f93b4c17bea59e95","Sofía","Pérez","DataGrid MX","118","40","40","3","cables azules","Digital ToolBox de Panduit","Menor costo total de implementación","Verdadero","Verdadero","Ducto ranurado","","","","","completed","2026-03-11 09:09:06","","2026-03-11 09:18:06","f18c6919a7","AI Generated",""
"ai-b231b6caa3d64a90b129381c","Sebastián","Pérez","DataGrid MX","89","20","85","6","cables azules","CREM (Creative Resources Matrix)","Instalación más simple y rápida","Verdadero","Verdadero","Wire Duct","","","","","completed","2026-01-23 05:44:06","","2026-01-23 05:58:06","f18c6919a7","AI Generated",""
"ai-e1788bd19ae44258a1cd3de3","Camila","Sánchez","DataGrid MX","66","30","70","6","cables azules","Partner Portal de Panduit","Transmisión de datos y potencia","Verdadero","Falso","Wire Duct","","","","","completed","2025-12-27 19:29:06","","2025-12-27 19:43:06","f18c6919a7","AI Generated",""
"ai-1cd623a1c6a6414baf8cdf88","Mateo","Sánchez","Conecta Pro","55","40","70","8","cables azules","Partner Portal de Panduit","Instalación más simple y rápida","Falso","Verdadero","Ducto ranurado","","","","","completed","2026-03-20 01:07:06","","2026-03-20 01:14:06","f18c6919a7","AI Generated",""
"ai-eae48230366b46fa84f91a73","Mateo","Martínez","NetCore Solutions","75","30","40","5","cables azules","Partner Portal de Panduit","Transmisión de datos y potencia","Verdadero","Verdadero","Canaleta","","","","","completed","2026-01-09 21:23:06","","2026-01-09 21:27:06","f18c6919a7","AI Generated",""
"ai-2355955409064af983e5c597","Mateo","Sánchez","NetCore Solutions","82","60","100","6","cables azules","CREM (Creative Resources Matrix)","Menor costo total de implementación","Verdadero","Verdadero","Ducto ranurado","","","","","completed","2026-01-05 08:02:06","","2026-01-05 08:20:06","f18c6919a7","AI Generated",""
"ai-05a9313680344b8b86fffc01","Sofía","Sánchez","InfraLink Systems","16","20","85","6","cables negros","Digital ToolBox de Panduit","Instalación más simple y rápida","Falso","Falso","Canaleta","","","","","completed","2026-01-02 07:15:06","","2026-01-02 07:21:06","f18c6919a7","AI Generated",""
"ai-6d4e6fad76124fd78c6bcab1","Sofía","Rodríguez","DataGrid MX","25","10","100","2","cables azules","CREM (Creative Resources Matrix)","Instalación más simple y rápida","Falso","Falso","Wire Duct","","","","","completed","2026-03-05 01:41:06","","2026-03-05 02:01:06","f18c6919a7","AI Generated",""
"ai-91fe8887868b41989fb34809","Sebastián","Pérez","NetCore Solutions","27","30","85","2","cables azules","CREM (Creative Resources Matrix)","Transmisión de datos y potencia","Verdadero","Verdadero","Canaleta","","","","","completed","2026-01-25 03:52:06","","2026-01-25 04:15:06","f18c6919a7","AI Generated",""
"ai-d0af76875b0e473d996bff41","Camila","García","DataGrid MX","117","20","100","8","cables negros","CREM (Creative Resources Matrix)","Transmisión de datos y potencia","Falso","Falso","Canaleta","","","","","completed","2026-03-20 21:50:06","","2026-03-20 22:02:06","f18c6919a7","AI Generated",""
"ai-d5c7817969e0415e97ea00ad","Valentina","López","InfraLink Systems","99","10","55","3","cables negros","Partner Portal de Panduit","Instalación más simple y rápida","Falso","Falso","Wire Duct","","","","","completed","2025-12-28 07:34:06","","2025-12-28 07:47:06","f18c6919a7","AI Generated",""
"ai-d8f8ecd0217c4a5bba6d03be","Sofía","Rodríguez","Conecta Pro","87","40","85","8","cables negros","CREM (Creative Resources Matrix)","Instalación más simple y rápida","Verdadero","Falso","Ducto ranurado","","","","","completed","2026-02-19 16:32:06","","2026-02-19 16:48:06","f18c6919a7","AI Generated",""
"ai-70ba68969b7e4ec78a1b279e","Valentina","Martínez","DataGrid MX","39","60","100","3","cables negros","Partner Portal de Panduit","Transmisión de datos y potencia","Falso","Falso","Canaleta","","","","","completed","2026-01-18 10:07:06","","2026-01-18 10:22:06","f18c6919a7","AI Generated",""
"ai-4dbccaeffba74d49b0a5767b","Camila","Martínez","NetCore Solutions","52","60","85","6","cables azules","Partner Portal de Panduit","Menor costo total de implementación","Falso","Verdadero","Ducto ranurado","","","","","completed","2026-01-30 09:56:06","","2026-01-30 10:05:06","f18c6919a7","AI Generated",""
"ai-ff8508cd7e6447e5a3253482","Sofía","Martínez","InfraLink Systems","62","50","100","5","cables azules","Digital ToolBox de Panduit","Menor costo total de implementación","Verdadero","Falso","Wire Duct","","","","","completed","2026-02-25 10:41:06","","2026-02-25 10:53:06","f18c6919a7","AI Generated",""
"ai-bb7d7e813fc34e3686d01c37","Santiago","Sánchez","InfraLink Systems","23","20","55","6","cables negros","Digital ToolBox de Panduit","Menor costo total de implementación","Falso","Falso","Canaleta","","","","","completed","2026-02-19 00:10:06","","2026-02-19 00:24:06","f18c6919a7","AI Generated",""
"ai-ab7cf2916bec43b5b2da2351","Valentina","Pérez","DataGrid MX","23","40","70","8","cables azules","Digital ToolBox de Panduit","Transmisión de datos y potencia","Falso","Falso","Canaleta","","","","","completed","2026-02-28 03:03:06","","2026-02-28 03:08:06","f18c6919a7","AI Generated",""
"ai-1e838c811c3a4585b66e984b","Valentina","Rodríguez","Conecta Pro","75","30","55","8","cables azules","Digital ToolBox de Panduit","Transmisión de datos y potencia","Falso","Verdadero","Canaleta","","","","","completed","2026-03-15 18:14:06","","2026-03-15 18:25:06","f18c6919a7","AI Generated",""
"ai-0f238c85cd304f74ae19ce6f","Santiago","García","DataGrid MX","104","10","40","3","cables azules","Digital ToolBox de Panduit","Transmisión de datos y potencia","Verdadero","Verdadero","Canaleta","","","","","completed","2025-12-30 11:27:06","","2025-12-30 11:43:06","f18c6919a7","AI Generated",""
"ai-8b631d0777da4d789fc66940","Camila","Martínez","InfraLink Systems","45","20","40","4","cables azules","CREM (Creative Resources Matrix)","Transmisión de datos y potencia","Verdadero","Falso","Ducto ranurado","","","","","completed","2026-03-11 04:04:06","","2026-03-11 04:33:06","f18c6919a7","AI Generated",""
"ai-120a96b73f094b5db503c181","Santiago","Pérez","InfraLink Systems","87","50","100","6","cables negros","CREM (Creative Resources Matrix)","Menor costo total de implementación","Falso","Falso","Wire Duct","","","","","completed","2026-02-13 20:11:06","","2026-02-13 20:24:06","f18c6919a7","AI Generated",""
"ai-9e9ad390a9fe4d3ca5286ba0","Santiago","López","NetCore Solutions","89","60","85","8","cables negros","CREM (Creative Resources Matrix)","Instalación más simple y rápida","Falso","Falso","Ducto ranurado","","","","","completed","2026-01-21 21:31:06","","2026-01-21 21:48:06","f18c6919a7","AI Generated",""
"ai-0cfea7da93e54dd29a62fcd8","Santiago","Martínez","InfraLink Systems","15","40","70","2","cables negros","Partner Portal de Panduit","Transmisión de datos y potencia","Falso","Verdadero","Ducto ranurado","","","","","completed","2026-01-14 21:42:06","","2026-01-14 21:44:06","f18c6919a7","AI Generated",""
"ai-1ea7051c791f4a9f9e31c919","Valentina","García","DataGrid MX","15","10","40","4","cables negros","Partner Portal de Panduit","Transmisión de datos y potencia","Verdadero","Falso","Ducto ranurado","","","","","completed","2026-01-27 07:52:06","","2026-01-27 07:59:06","f18c6919a7","AI Generated",""
"ai-23b458358c144399adb8bc47","Camila","Rodríguez","DataGrid MX","16","10","100","8","cables azules","Digital ToolBox de Panduit","Transmisión de datos y potencia","Falso","Falso","Canaleta","","","","","completed","2026-01-17 00:42:06","","2026-01-17 00:57:06","f18c6919a7","AI Generated",""
"ai-90613ca867aa47b799386025","Sebastián","López","InfraLink Systems","24","40","40","3","cables negros","Partner Portal de Panduit","Transmisión de datos y potencia","Verdadero","Verdadero","Canaleta","","","","","completed","2026-01-25 03:45:06","","2026-01-25 03:55:06","f18c6919a7","AI Generated",""
"ai-83345c1acd9e4687a4b3ac86","Santiago","Rodríguez","DataGrid MX","14","30","70","6","cables negros","Partner Portal de Panduit","Menor costo total de implementación","Falso","Verdadero","Canaleta","","","","","completed","2026-03-25 01:42:06","","2026-03-25 01:49:06","f18c6919a7","AI Generated",""
"ai-0485caa343dc48fcb8b1d458","Mateo","Sánchez","Conecta Pro","111","10","55","5","cables azules","Partner Portal de Panduit","Transmisión de datos y potencia","Verdadero","Falso","Canaleta","","","","","completed","2026-02-06 12:51:06","","2026-02-06 12:53:06","f18c6919a7","AI Generated",""
"ai-063749ae18634c2cb2b4286f","Camila","López","NetCore Solutions","85","50","70","2","cables negros","Digital ToolBox de Panduit","Instalación más simple y rápida","Verdadero","Falso","Canaleta","","","","","completed","2026-03-14 02:44:06","","2026-03-14 02:47:06","f18c6919a7","AI Generated",""
"ai-eb8baaa751994349a56831cc","Mateo","García","DataGrid MX","116","40","100","5","cables azules","CREM (Creative Resources Matrix)","Transmisión de datos y potencia","Falso","Verdadero","Canaleta","","","","","completed","2026-02-01 11:00:06","","2026-02-01 11:05:06","f18c6919a7","AI Generated",""
"ai-91ddb42f16544a5fabdb6f96","Santiago","Rodríguez","NetCore Solutions","31","10","85","2","cables negros","Partner Portal de Panduit","Menor costo total de implementación","Falso","Verdadero","Wire Duct","","","","","completed","2026-01-07 02:57:06","","2026-01-07 02:58:06","f18c6919a7","AI Generated",""
"ai-1677038247164fcda194e0e9","Camila","García","DataGrid MX","69","50","85","2","cables azules","Digital ToolBox de Panduit","Instalación más simple y rápida","Falso","Falso","Ducto ranurado","","","","","completed","2026-02-05 21:01:06","","2026-02-05 21:27:06","f18c6919a7","AI Generated",""
"ai-ac7364c95d164c1b97beff8e","Sebastián","Rodríguez","Conecta Pro","101","60","85","2","cables negros","CREM (Creative Resources Matrix)","Instalación más simple y rápida","Falso","Falso","Wire Duct","","","","","completed","2026-01-07 00:12:06","","2026-01-07 00:13:06","f18c6919a7","AI Generated",""
"ai-96f76a04023640199a1775c9","Mateo","Martínez","DataGrid MX","111","60","85","3","cables azules","Digital ToolBox de Panduit","Transmisión de datos y potencia","Falso","Falso","Canaleta","","","","","completed","2025-12-29 08:19:06","","2025-12-29 08:40:06","f18c6919a7","AI Generated",""
"ai-ffa16914903845839396783b","Valentina","Sánchez","DataGrid MX","23","60","85","3","cables azules","Digital ToolBox de Panduit","Instalación más simple y rápida","Falso","Falso","Canaleta","","","","","completed","2026-03-04 10:35:06","","2026-03-04 10:48:06","f18c6919a7","AI Generated",""
"ai-8c1340b54b2d4ebb879cd18c","Santiago","García","InfraLink Systems","114","40","100","6","cables negros","Digital ToolBox de Panduit","Transmisión de datos y potencia","Falso","Falso","Canaleta","","","","","completed","2026-01-19 18:16:06","","2026-01-19 18:33:06","f18c6919a7","AI Generated",""
"ai-def906fbb3d749bd9e960191","Camila","Martínez","DataGrid MX","70","10","85","4","cables azules","CREM (Creative Resources Matrix)","Transmisión de datos y potencia","Falso","Falso","Ducto ranurado","","","","","completed","2026-03-16 07:22:06","","2026-03-16 07:28:06","f18c6919a7","AI Generated",""
"ai-7c2e00d61e8449b7b47efb04","Sofía","Pérez","InfraLink Systems","48","40","55","6","cables negros","CREM (Creative Resources Matrix)","Transmisión de datos y potencia","Falso","Verdadero","Ducto ranurado","","","","","completed","2026-01-05 15:54:06","","2026-01-05 16:02:06","f18c6919a7","AI Generated",""
"ai-e263c446a3e843abb19fb25d","Valentina","Rodríguez","NetCore Solutions","52","50","70","5","cables azules","Partner Portal de Panduit","Menor costo total de implementación","Falso","Verdadero","Wire Duct","","","","","completed","2026-02-06 10:15:06","","2026-02-06 10:23:06","f18c6919a7","AI Generated",""
"ai-edd18420882a4b7bad229caf","Valentina","Pérez","Conecta Pro","66","60","40","2","cables negros","Partner Portal de Panduit","Transmisión de datos y potencia","Verdadero","Verdadero","Canaleta","","","","","completed","2026-03-16 09:23:06","","2026-03-16 09:49:06","f18c6919a7","AI Generated",""
"ai-ed5d359d03d946759e53a2e3","Valentina","Sánchez","InfraLink Systems","26","50","70","5","cables negros","Partner Portal de Panduit","Instalación más simple y rápida","Falso","Falso","Ducto ranurado","","","","","completed","2026-02-25 14:29:06","","2026-02-25 14:34:06","f18c6919a7","AI Generated",""
"ai-411ac5d5705644e6b15adbb3","Valentina","Sánchez","NetCore Solutions","59","20","70","5","cables azules","Digital ToolBox de Panduit","Transmisión de datos y potencia","Falso","Verdadero","Ducto ranurado","","","","","completed","2026-03-11 02:20:06","","2026-03-11 02:21:06","f18c6919a7","AI Generated",""
"ai-cf018ae22ac44dc78b9b7aef","Sebastián","García","NetCore Solutions","88","10","85","6","cables azules","CREM (Creative Resources Matrix)","Instalación más simple y rápida","Falso","Verdadero","Wire Duct","","","","","completed","2026-01-18 08:07:06","","2026-01-18 08:09:06","f18c6919a7","AI Generated",""
"ai-9999ba773baf4f8294e2d6a2","Sebastián","García","DataGrid MX","93","40","40","8","cables negros","CREM (Creative Resources Matrix)","Menor costo total de implementación","Verdadero","Verdadero","Canaleta","","","","","completed","2026-03-14 11:00:06","","2026-03-14 11:16:06","f18c6919a7","AI Generated",""
"ai-8be36c25a159426087bb22c0","Sebastián","García","DataGrid MX","105","60","40","6","cables negros","Partner Portal de Panduit","Menor costo total de implementación","Falso","Falso","Wire Duct","","","","","completed","2026-02-19 22:04:06","","2026-02-19 22:16:06","f18c6919a7","AI Generated",""
"ai-eae355638bc44fe0818662d1","Santiago","Martínez","Conecta Pro","26","40","85","8","cables azules","Digital ToolBox de Panduit","Instalación más simple y rápida","Falso","Verdadero","Canaleta","","","","","completed","2026-03-03 16:16:06","","2026-03-03 16:30:06","f18c6919a7","AI Generated",""
"ai-50ad3a07a9584c5297fb8073","Sofía","García","InfraLink Systems","57","20","85","6","cables negros","CREM (Creative Resources Matrix)","Menor costo total de implementación","Verdadero","Verdadero","Canaleta","","","","","completed","2026-02-09 16:50:06","","2026-02-09 17:11:06","f18c6919a7","AI Generated",""
"ai-638018be832449dda1f66946","Camila","Pérez","InfraLink Systems","41","40","85","8","cables negros","Digital ToolBox de Panduit","Instalación más simple y rápida","Falso","Verdadero","Wire Duct","","","","","completed","2026-02-11 21:39:06","","2026-02-11 22:02:06","f18c6919a7","AI Generated",""
"ai-4ef737ad950d4383aadac62e","Valentina","Martínez","Conecta Pro","34","10","100","3","cables azules","CREM (Creative Resources Matrix)","Instalación más simple y rápida","Falso","Falso","Wire Duct","","","","","completed","2026-03-19 14:29:06","","2026-03-19 14:55:06","f18c6919a7","AI Generated",""
"ai-1d25ebe7aac5427a8a2b4b00","Camila","Sánchez","Conecta Pro","27","40","40","6","cables negros","CREM (Creative Resources Matrix)","Menor costo total de implementación","Verdadero","Verdadero","Wire Duct","","","","","completed","2026-01-06 04:22:06","","2026-01-06 04:33:06","f18c6919a7","AI Generated",""
"ai-75437baabc994ce393b3d866","Camila","Pérez","NetCore Solutions","90","30","100","8","cables azules","CREM (Creative Resources Matrix)","Menor costo total de implementación","Verdadero","Verdadero","Wire Duct","","","","","completed","2026-02-25 07:39:06","","2026-02-25 08:07:06","f18c6919a7","AI Generated",""
"ai-6683ac9682824baea24b7e1a","Sofía","Sánchez","DataGrid MX","70","30","100","2","cables azules","Digital ToolBox de Panduit","Menor costo total de implementación","Falso","Falso","Wire Duct","","","","","completed","2026-01-06 09:13:06","","2026-01-06 09:36:06","f18c6919a7","AI Generated",""
"ai-ccd0a9e97b494e53a362bdb6","Valentina","Pérez","Conecta Pro","98","50","70","6","cables azules","Partner Portal de Panduit","Instalación más simple y rápida","Falso","Verdadero","Canaleta","","","","","completed","2026-03-19 08:12:06","","2026-03-19 08:36:06","f18c6919a7","AI Generated",""
"ai-50d3c8d21a86491ab30da4cb","Valentina","López","NetCore Solutions","55","10","85","6","cables negros","Digital ToolBox de Panduit","Menor costo total de implementación","Falso","Verdadero","Ducto ranurado","","","","","completed","2026-01-09 07:15:06","","2026-01-09 07:36:06","f18c6919a7","AI Generated",""
"ai-c58932a8294f4d85ad2cd2a0","Valentina","López","NetCore Solutions","76","30","70","8","cables azules","CREM (Creative Resources Matrix)","Menor costo total de implementación","Falso","Verdadero","Canaleta","","","","","completed","2026-01-19 10:24:06","","2026-01-19 10:26:06","f18c6919a7","AI Generated",""
"ai-9b0b0a170fbf44f5ace46601","Sebastián","Rodríguez","Conecta Pro","115","40","100","5","cables azules","Partner Portal de Panduit","Transmisión de datos y potencia","Verdadero","Falso","Ducto ranurado","","","","","completed","2026-02-25 01:00:06","","2026-02-25 01:18:06","f18c6919a7","AI Generated",""
"ai-b7bac3d75cd945a1ac29ebb7","Valentina","Rodríguez","Conecta Pro","92","30","55","4","cables azules","CREM (Creative Resources Matrix)","Transmisión de datos y potencia","Falso","Falso","Ducto ranurado","","","","","completed","2026-01-02 17:36:06","","2026-01-02 17:44:06","f18c6919a7","AI Generated",""
"ai-9d68fc4ef9924a65898cf82f","Santiago","Sánchez","Conecta Pro","113","10","40","5","cables negros","Partner Portal de Panduit","Instalación más simple y rápida","Falso","Verdadero","Ducto ranurado","","","","","completed","2026-02-04 08:17:06","","2026-02-04 08:44:06","f18c6919a7","AI Generated",""
"ai-c8f5ef04090a4434a20f6cc4","Camila","Pérez","Conecta Pro","79","50","70","8","cables azules","Partner Portal de Panduit","Instalación más simple y rápida","Falso","Falso","Wire Duct","","","","","completed","2026-01-09 08:06:06","","2026-01-09 08:10:06","f18c6919a7","AI Generated",""
"ai-4b9acacd5bbc4ef79d3188bc","Sofía","López","NetCore Solutions","70","10","55","3","cables negros","Partner Portal de Panduit","Instalación más simple y rápida","Falso","Falso","Ducto ranurado","","","","","completed","2026-03-11 14:33:06","","2026-03-11 14:36:06","f18c6919a7","AI Generated",""
"ai-ea8268b3f0914cfe8a627f96","Santiago","López","NetCore Solutions","23","30","55","5","cables negros","CREM (Creative Resources Matrix)","Transmisión de datos y potencia","Verdadero","Verdadero","Ducto ranurado","","","","","completed","2026-01-25 09:31:06","","2026-01-25 09:48:06","f18c6919a7","AI Generated",""
"ai-8e1cf663ccba47009ed14f1a","Mateo","López","InfraLink Systems","114","30","70","5","cables negros","Digital ToolBox de Panduit","Menor costo total de implementación","Falso","Verdadero","Ducto ranurado","","","","","completed","2026-01-14 01:54:06","","2026-01-14 02:04:06","f18c6919a7","AI Generated",""
"ai-3e80de12901c43489a5d94bc","Valentina","Martínez","Conecta Pro","11","50","85","2","cables negros","CREM (Creative Resources Matrix)","Menor costo total de implementación","Falso","Falso","Ducto ranurado","","","","","completed","2025-12-30 11:28:06","","2025-12-30 11:48:06","f18c6919a7","AI Generated",""
"ai-4fa1de40463f43088b54e222","Camila","García","InfraLink Systems","49","50","85","3","cables azules","Digital ToolBox de Panduit","Transmisión de datos y potencia","Falso","Falso","Ducto ranurado","","","","","completed","2025-12-31 01:41:06","","2025-12-31 02:02:06","f18c6919a7","AI Generated",""
"ai-a56a24bd27f94d5f9660c45f","Mateo","Martínez","NetCore Solutions","118","10","100","6","cables azules","CREM (Creative Resources Matrix)","Instalación más simple y rápida","Falso","Falso","Wire Duct","","","","","completed","2026-02-22 20:29:06","","2026-02-22 20:44:06","f18c6919a7","AI Generated",""
"ai-fe99668d8dd143789916d502","Sofía","García","NetCore Solutions","13","40","55","3","cables negros","CREM (Creative Resources Matrix)","Instalación más simple y rápida","Verdadero","Verdadero","Canaleta","","","","","completed","2026-03-10 08:09:06","","2026-03-10 08:21:06","f18c6919a7","AI Generated",""
"ai-a6bd558ba6c247dab40a0a36","Sebastián","Rodríguez","InfraLink Systems","102","20","85","5","cables azules","Partner Portal de Panduit","Transmisión de datos y potencia","Falso","Falso","Wire Duct","","","","","completed","2026-02-16 05:39:06","","2026-02-16 05:43:06","f18c6919a7","AI Generated",""
"ai-898be1f572c84e15b47ae901","Sofía","García","InfraLink Systems","16","60","55","8","cables azules","Digital ToolBox de Panduit","Instalación más simple y rápida","Falso","Verdadero","Wire Duct","","","","","completed","2026-03-21 20:40:06","","2026-03-21 20:51:06","f18c6919a7","AI Generated",""
"ai-af622f54cd774c7888bbeec1","Valentina","Rodríguez","NetCore Solutions","71","40","85","6","cables negros","CREM (Creative Resources Matrix)","Transmisión de datos y potencia","Verdadero","Falso","Canaleta","","","","","completed","2026-02-20 18:46:06","","2026-02-20 19:03:06","f18c6919a7","AI Generated",""
"ai-cc29a1ff34614e009561e32a","Santiago","López","NetCore Solutions","41","10","100","4","cables azules","Digital ToolBox de Panduit","Transmisión de datos y potencia","Verdadero","Verdadero","Wire Duct","","","","","completed","2025-12-28 09:15:06","","2025-12-28 09:29:06","f18c6919a7","AI Generated",""
"ai-c010becadb5c4be3a656ab4f","Santiago","Pérez","Conecta Pro","52","50","85","6","cables azules","Partner Portal de Panduit","Transmisión de datos y potencia","Verdadero","Verdadero","Wire Duct","","","","","completed","2026-03-19 06:08:06","","2026-03-19 06:35:06","f18c6919a7","AI Generated",""
"ai-1feac193c8974e4f8cad7932","Camila","García","InfraLink Systems","96","10","100","2","cables negros","Digital ToolBox de Panduit","Instalación más simple y rápida","Verdadero","Verdadero","Canaleta","","","","","completed","2026-01-22 00:09:06","","2026-01-22 00:14:06","f18c6919a7","AI Generated",""
"ai-28cbe290ebed402982708436","Sofía","Martínez","Conecta Pro","92","20","55","8","cables azules","Digital ToolBox de Panduit","Instalación más simple y rápida","Verdadero","Verdadero","Canaleta","","","","","completed","2026-03-04 18:29:06","","2026-03-04 18:50:06","f18c6919a7","AI Generated",""
"ai-2536a3f09a5e4f43a9949fd5","Santiago","Martínez","InfraLink Systems","71","10","85","5","cables negros","Partner Portal de Panduit","Transmisión de datos y potencia","Verdadero","Verdadero","Ducto ranurado","","","","","completed","2025-12-31 18:46:06","","2025-12-31 19:09:06","f18c6919a7","AI Generated",""
"ai-64bccff230d4496a9953a4a7","Valentina","Martínez","Conecta Pro","16","50","55","4","cables azules","Partner Portal de Panduit","Transmisión de datos y potencia","Verdadero","Verdadero","Wire Duct","","","","","completed","2026-02-22 11:11:06","","2026-02-22 11:37:06","f18c6919a7","AI Generated",""
"ai-968c0ac6b09f491ea7b6ed66","Sofía","Rodríguez","NetCore Solutions","84","40","85","3","cables azules","CREM (Creative Resources Matrix)","Transmisión de datos y potencia","Verdadero","Verdadero","Wire Duct","","","","","completed","2026-03-05 14:56:06","","2026-03-05 14:57:06","f18c6919a7","AI Generated",""
"ai-966f61fefe384e1691026238","Valentina","Martínez","NetCore Solutions","52","10","85","2","cables azules","CREM (Creative Resources Matrix)","Instalación más simple y rápida","Verdadero","Falso","Canaleta","","","","","completed","2026-01-16 23:46:06","","2026-01-17 00:05:06","f18c6919a7","AI Generated",""
"ai-3abf3c42081a4b14bd3a7a54","Sebastián","Sánchez","NetCore Solutions","117","40","85","6","cables negros","Digital ToolBox de Panduit","Instalación más simple y rápida","Verdadero","Falso","Canaleta","","","","","completed","2025-12-29 07:52:06","","2025-12-29 07:54:06","f18c6919a7","AI Generated",""
"ai-3500ccd3e34f427c9e2b06ab","Santiago","Rodríguez","NetCore Solutions","105","10","55","6","cables negros","Digital ToolBox de Panduit","Menor costo total de implementación","Falso","Falso","Ducto ranurado","","","","","completed","2026-01-21 17:50:06","","2026-01-21 17:52:06","f18c6919a7","AI Generated",""
"ai-46d0140d0f2c433581e224ae","Valentina","Sánchez","NetCore Solutions","59","60","55","2","cables azules","CREM (Creative Resources Matrix)","Transmisión de datos y potencia","Falso","Verdadero","Canaleta","","","","","completed","2026-03-02 05:16:06","","2026-03-02 05:40:06","f18c6919a7","AI Generated",""
"ai-81780ec7113f4fbeb4ad99eb","Camila","Rodríguez","InfraLink Systems","85","20","40","3","cables azules","Digital ToolBox de Panduit","Transmisión de datos y potencia","Falso","Falso","Ducto ranurado","","","","","completed","2026-01-05 08:43:06","","2026-01-05 09:09:06","f18c6919a7","AI Generated",""
"ai-8527b99576d14f4f9a8039e7","Mateo","Sánchez","NetCore Solutions","57","20","55","6","cables azules","CREM (Creative Resources Matrix)","Transmisión de datos y potencia","Falso","Falso","Canaleta","","","","","completed","2026-03-05 04:03:06","","2026-03-05 04:28:06","f18c6919a7","AI Generated",""
"ai-5f657f1b934e40c9a7600998","Sebastián","Martínez","Conecta Pro","40","20","85","8","cables negros","CREM (Creative Resources Matrix)","Transmisión de datos y potencia","Falso","Verdadero","Wire Duct","","","","","completed","2026-03-06 22:37:06","","2026-03-06 22:42:06","f18c6919a7","AI Generated",""
"ai-9d9fadf14133453a9b1e49e1","Camila","Sánchez","DataGrid MX","59","20","40","2","cables azules","Partner Portal de Panduit","Menor costo total de implementación","Verdadero","Verdadero","Canaleta","","","","","completed","2026-02-24 15:33:06","","2026-02-24 15:35:06","f18c6919a7","AI Generated",""
"ai-970ef482c8394530953b2a01","Valentina","Sánchez","InfraLink Systems","74","40","100","6","cables negros","Digital ToolBox de Panduit","Instalación más simple y rápida","Falso","Verdadero","Wire Duct","","","","","completed","2026-03-21 15:23:06","","2026-03-21 15:43:06","f18c6919a7","AI Generated",""
"ai-47130f94afb14f9cabc908e7","Mateo","Martínez","Conecta Pro","87","40","70","4","cables negros","Digital ToolBox de Panduit","Transmisión de datos y potencia","Falso","Verdadero","Canaleta","","","","","completed","2026-02-16 02:59:06","","2026-02-16 03:13:06","f18c6919a7","AI Generated",""
"ai-1ea326c36b964f6590fbe5fc","Valentina","Rodríguez","InfraLink Systems","43","50","40","8","cables negros","Partner Portal de Panduit","Transmisión de datos y potencia","Verdadero","Verdadero","Wire Duct","","","","","completed","2026-03-20 11:49:06","","2026-03-20 12:14:06","f18c6919a7","AI Generated",""
"ai-0f9746766d2640bb9c39ed1a","Camila","Rodríguez","Conecta Pro","77","20","100","3","cables negros","Digital ToolBox de Panduit","Transmisión de datos y potencia","Verdadero","Falso","Canaleta","","","","","completed","2026-02-28 16:38:06","","2026-02-28 16:53:06","f18c6919a7","AI Generated",""
"ai-160eeb451f4b48aea3d882bb","Camila","Martínez","NetCore Solutions","107","30","85","3","cables negros","CREM (Creative Resources Matrix)","Transmisión de datos y potencia","Verdadero","Verdadero","Wire Duct","","","","","completed","2026-01-13 06:23:06","","2026-01-13 06:39:06","f18c6919a7","AI Generated",""
"ai-0ad3d184ad734f879564d82b","Sofía","López","DataGrid MX","52","50","40","2","cables azules","Digital ToolBox de Panduit","Menor costo total de implementación","Verdadero","Verdadero","Ducto ranurado","","","","","completed","2026-03-20 04:39:06","","2026-03-20 04:53:06","f18c6919a7","AI Generated",""
"ai-c849a0ae842f47148a578e0b","Sofía","Pérez","NetCore Solutions","55","20","40","3","cables azules","CREM (Creative Resources Matrix)","Menor costo total de implementación","Verdadero","Verdadero","Ducto ranurado","","","","","completed","2025-12-29 05:31:06","","2025-12-29 05:39:06","f18c6919a7","AI Generated",""
"ai-091b5ea93ac64d4497fd73e1","Sofía","Rodríguez","DataGrid MX","86","20","100","5","cables negros","Partner Portal de Panduit","Instalación más simple y rápida","Verdadero","Verdadero","Ducto ranurado","","","","","completed","2026-01-08 04:32:06","","2026-01-08 04:39:06","f18c6919a7","AI Generated",""
"ai-1a7deb6c557b4c3ab8f3f2f5","Valentina","López","Conecta Pro","117","10","40","3","cables negros","CREM (Creative Resources Matrix)","Instalación más simple y rápida","Falso","Verdadero","Wire Duct","","","","","completed","2026-01-21 02:47:06","","2026-01-21 03:02:06","f18c6919a7","AI Generated",""
"ai-365a7334cbc840889569bfb9","Sebastián","García","InfraLink Systems","57","60","100","5","cables negros","CREM (Creative Resources Matrix)","Instalación más simple y rápida","Falso","Falso","Ducto ranurado","","","","","completed","2026-03-06 00:46:06","","2026-03-06 01:05:06","f18c6919a7","AI Generated",""
"ai-c3f78ece1b3e4b219afebf9a","Santiago","Rodríguez","Conecta Pro","95","40","85","2","cables azules","Digital ToolBox de Panduit","Transmisión de datos y potencia","Verdadero","Verdadero","Canaleta","","","","","completed","2026-01-15 06:36:06","","2026-01-15 07:02:06","f18c6919a7","AI Generated",""
"ai-65202ac642ed4402af272fc0","Sofía","López","NetCore Solutions","97","40","85","6","cables azules","Digital ToolBox de Panduit","Menor costo total de implementación","Falso","Verdadero","Ducto ranurado","","","","","completed","2026-02-08 17:37:06","","2026-02-08 17:40:06","f18c6919a7","AI Generated",""
"ai-759e1b9e0ff94166a5b412ab","Mateo","Sánchez","NetCore Solutions","19","20","55","5","cables negros","CREM (Creative Resources Matrix)","Instalación más simple y rápida","Verdadero","Falso","Canaleta","","","","","completed","2026-01-10 09:19:06","","2026-01-10 09:45:06","f18c6919a7","AI Generated",""
"ai-e8da6e1bafb840ef911404e4","Mateo","Martínez","NetCore Solutions","67","40","55","4","cables azules","Digital ToolBox de Panduit","Menor costo total de implementación","Falso","Verdadero","Wire Duct","","","","","completed","2026-03-24 10:26:06","","2026-03-24 10:43:06","f18c6919a7","AI Generated",""
"ai-ca46f2f6e81e4dc2aeadcf9b","Santiago","Martínez","DataGrid MX","13","60","40","5","cables negros","Digital ToolBox de Panduit","Instalación más simple y rápida","Verdadero","Verdadero","Canaleta","","","","","completed","2026-03-11 09:42:06","","2026-03-11 10:01:06","f18c6919a7","AI Generated",""
"ai-99dd26d3e85b4fd69e7ea636","Sofía","Rodríguez","DataGrid MX","30","20","70","2","cables negros","CREM (Creative Resources Matrix)","Transmisión de datos y potencia","Falso","Verdadero","Wire Duct","","","","","completed","2025-12-29 04:05:06","","2025-12-29 04:09:06","f18c6919a7","AI Generated",""
"ai-398ecff869494396aa931441","Valentina","López","InfraLink Systems","114","50","55","3","cables negros","CREM (Creative Resources Matrix)","Menor costo total de implementación","Verdadero","Falso","Wire Duct","","","","","completed","2026-01-30 08:42:06","","2026-01-30 08:52:06","f18c6919a7","AI Generated",""
"ai-ba57f73e43e94519be0c57e1","Camila","García","InfraLink Systems","42","30","55","8","cables azules","Partner Portal de Panduit","Transmisión de datos y potencia","Verdadero","Verdadero","Canaleta","","","","","completed","2026-02-20 22:03:06","","2026-02-20 22:25:06","f18c6919a7","AI Generated",""
"ai-b86eedfc179f4766b9af6377","Valentina","García","InfraLink Systems","74","50","85","6","cables azules","Digital ToolBox de Panduit","Menor costo total de implementación","Verdadero","Falso","Canaleta","","","","","completed","2025-12-28 17:43:06","","2025-12-28 17:57:06","f18c6919a7","AI Generated",""
"ai-bbb9cde8d1a74e718bca2fcc","Valentina","Pérez","DataGrid MX","84","30","85","8","cables azules","CREM (Creative Resources Matrix)","Menor costo total de implementación","Falso","Falso","Wire Duct","","","","","completed","2026-02-02 09:31:06","","2026-02-02 09:49:06","f18c6919a7","AI Generated",""
"ai-441b8cfb6bf643d48b19f26a","Sebastián","Pérez","InfraLink Systems","14","40","55","2","cables negros","CREM (Creative Resources Matrix)","Menor costo total de implementación","Falso","Verdadero","Wire Duct","","","","","completed","2026-01-28 13:20:06","","2026-01-28 13:42:06","f18c6919a7","AI Generated",""
"ai-2eda4e5d395340b3a72b2f8a","Santiago","López","Conecta Pro","46","20","70","3","cables negros","Partner Portal de Panduit","Transmisión de datos y potencia","Falso","Verdadero","Ducto ranurado","","","","","completed","2026-01-03 20:35:06","","2026-01-03 20:48:06","f18c6919a7","AI Generated",""
"ai-65f600cd9588459c9caf18c2","Camila","López","Conecta Pro","89","10","40","6","cables azules","Digital ToolBox de Panduit","Instalación más simple y rápida","Falso","Falso","Wire Duct","","","","","completed","2026-01-09 15:09:06","","2026-01-09 15:24:06","f18c6919a7","AI Generated",""
"ai-8d3e9747f06c47c98ebee613","Valentina","Martínez","InfraLink Systems","16","40","85","5","cables negros","CREM (Creative Resources Matrix)","Menor costo total de implementación","Verdadero","Verdadero","Ducto ranurado","","","","","completed","2026-01-31 09:19:06","","2026-01-31 09:29:06","f18c6919a7","AI Generated",""
"ai-394c272374734b768b8574f0","Camila","López","DataGrid MX","79","20","100","8","cables negros","Digital ToolBox de Panduit","Transmisión de datos y potencia","Verdadero","Falso","Canaleta","","","","","completed","2025-12-29 02:00:06","","2025-12-29 02:25:06","f18c6919a7","AI Generated",""
"ai-fd692e75f46546a2a3f113cd","Camila","Pérez","Conecta Pro","103","20","100","5","cables azules","Digital ToolBox de Panduit","Transmisión de datos y potencia","Falso","Falso","Ducto ranurado","","","","","completed","2026-03-03 14:26:06","","2026-03-03 14:35:06","f18c6919a7","AI Generated",""
"ai-851bfae96461499b888dd628","Santiago","Sánchez","DataGrid MX","61","40","100","3","cables azules","Partner Portal de Panduit","Transmisión de datos y potencia","Falso","Falso","Canaleta","","","","","completed","2026-03-08 20:01:06","","2026-03-08 20:09:06","f18c6919a7","AI Generated",""
"ai-08b5f77ba3e14d82a34ba9f3","Sebastián","Pérez","DataGrid MX","30","60","100","3","cables azules","Partner Portal de Panduit","Instalación más simple y rápida","Verdadero","Falso","Canaleta","","","","","completed","2026-01-07 11:14:06","","2026-01-07 11:25:06","f18c6919a7","AI Generated",""
"ai-d46b80e1d33443a28784fd28","Sofía","Martínez","Conecta Pro","74","10","85","2","cables azules","Digital ToolBox de Panduit","Transmisión de datos y potencia","Verdadero","Falso","Wire Duct","","","","","completed","2026-03-01 09:15:06","","2026-03-01 09:23:06","f18c6919a7","AI Generated",""
"ai-8bea6163e9634b179e728e69","Sebastián","Sánchez","InfraLink Systems","106","20","100","3","cables negros","Digital ToolBox de Panduit","Instalación más simple y rápida","Verdadero","Verdadero","Canaleta","","","","","completed","2026-02-04 19:07:06","","2026-02-04 19:17:06","f18c6919a7","AI Generated",""
"ai-82e8e72b6f2149ff90a12a6f","Mateo","Pérez","Conecta Pro","23","20","55","6","cables azules","Digital ToolBox de Panduit","Instalación más simple y rápida","Falso","Falso","Wire Duct","","","","","completed","2026-01-11 21:07:06","","2026-01-11 21:16:06","f18c6919a7","AI Generated",""
"ai-1a42a7d6806c4e1abde1cb0c","Santiago","López","InfraLink Systems","68","50","100","2","cables azules","Digital ToolBox de Panduit","Transmisión de datos y potencia","Verdadero","Verdadero","Wire Duct","","","","","completed","2026-02-27 05:06:06","","2026-02-27 05:18:06","f18c6919a7","AI Generated",""
"ai-9c9d502314d94285b42ed75f","Sofía","Pérez","Conecta Pro","16","10","85","8","cables azules","Digital ToolBox de Panduit","Instalación más simple y rápida","Verdadero","Falso","Wire Duct","","","","","completed","2026-02-19 12:04:06","","2026-02-19 12:09:06","f18c6919a7","AI Generated",""
"ai-c570b215b5154e86aaa0619e","Santiago","Sánchez","Conecta Pro","68","60","55","4","cables negros","Digital ToolBox de Panduit","Transmisión de datos y potencia","Verdadero","Falso","Canaleta","","","","","completed","2026-03-09 20:48:06","","2026-03-09 21:06:06","f18c6919a7","AI Generated",""
"ai-ec28819d8c594fd684bc7de3","Sofía","Rodríguez","Conecta Pro","91","40","40","4","cables negros","CREM (Creative Resources Matrix)","Instalación más simple y rápida","Verdadero","Falso","Wire Duct","","","","","completed","2026-03-04 18:47:06","","2026-03-04 18:56:06","f18c6919a7","AI Generated",""
"ai-7e78c7b2cd76450d82d50d27","Valentina","Pérez","DataGrid MX","44","10","100","4","cables negros","Digital ToolBox de Panduit","Transmisión de datos y potencia","Verdadero","Falso","Canaleta","","","","","completed","2026-02-14 14:58:06","","2026-02-14 15:10:06","f18c6919a7","AI Generated",""
"ai-ef672dded5514d398ff754cb","Camila","López","Conecta Pro","57","60","85","5","cables negros","Partner Portal de Panduit","Transmisión de datos y potencia","Verdadero","Verdadero","Wire Duct","","","","","completed","2025-12-30 01:45:06","","2025-12-30 02:10:06","f18c6919a7","AI Generated",""
"ai-bc0d623501d642508294f6f1","Sofía","Martínez","InfraLink Systems","47","60","70","8","cables azules","CREM (Creative Resources Matrix)","Menor costo total de implementación","Falso","Falso","Canaleta","","","","","completed","2026-03-17 02:10:06","","2026-03-17 02:19:06","f18c6919a7","AI Generated",""
"ai-eec1bf12056841f385066542","Camila","Pérez","InfraLink Systems","20","30","85","6","cables azules","Digital ToolBox de Panduit","Menor costo total de implementación","Falso","Verdadero","Canaleta","","","","","completed","2026-03-01 00:34:06","","2026-03-01 00:46:06","f18c6919a7","AI Generated",""
"ai-bc0ba56ed4a34315bf472eeb","Mateo","Rodríguez","NetCore Solutions","117","50","100","2","cables azules","Digital ToolBox de Panduit","Instalación más simple y rápida","Verdadero","Falso","Ducto ranurado","","","","","completed","2026-03-16 23:29:06","","2026-03-16 23:32:06","f18c6919a7","AI Generated",""
"ai-fd568fdfe0cc4e198816e17c","Camila","López","Conecta Pro","72","60","100","6","cables azules","Partner Portal de Panduit","Transmisión de datos y potencia","Falso","Verdadero","Ducto ranurado","","","","","completed","2026-03-02 10:11:06","","2026-03-02 10:25:06","f18c6919a7","AI Generated",""
"ai-e1e2b5db624a43ca86460c3b","Valentina","Rodríguez","DataGrid MX","11","30","55","6","cables negros","Partner Portal de Panduit","Transmisión de datos y potencia","Falso","Verdadero","Wire Duct","","","","","completed","2026-02-16 00:54:06","","2026-02-16 01:03:06","f18c6919a7","AI Generated",""
"ai-14f546b692f8478492ceefd1","Santiago","Martínez","DataGrid MX","33","20","40","6","cables azules","Partner Portal de Panduit","Instalación más simple y rápida","Verdadero","Verdadero","Canaleta","","","","","completed","2026-03-16 07:43:06","","2026-03-16 08:08:06","f18c6919a7","AI Generated",""
"ai-c06cf7c50c2b421b9efca5b2","Sebastián","Sánchez","DataGrid MX","65","40","40","5","cables azules","CREM (Creative Resources Matrix)","Menor costo total de implementación","Verdadero","Verdadero","Canaleta","","","","","completed","2026-03-08 02:45:06","","2026-03-08 02:59:06","f18c6919a7","AI Generated",""
"ai-5bed83a5c91d48829498b16b","Camila","Martínez","DataGrid MX","19","60","70","2","cables negros","Partner Portal de Panduit","Transmisión de datos y potencia","Verdadero","Verdadero","Ducto ranurado","","","","","completed","2026-03-19 22:02:06","","2026-03-19 22:12:06","f18c6919a7","AI Generated",""
"ai-21ed34b68c6542c0a1d0b28d","Santiago","Sánchez","NetCore Solutions","88","20","100","6","cables negros","Digital ToolBox de Panduit","Instalación más simple y rápida","Verdadero","Falso","Wire Duct","","","","","completed","2026-02-04 20:25:06","","2026-02-04 20:43:06","f18c6919a7","AI Generated",""
"ai-386c7516823e40e583dc217d","Sofía","Rodríguez","DataGrid MX","93","60","100","8","cables negros","CREM (Creative Resources Matrix)","Transmisión de datos y potencia","Verdadero","Falso","Ducto ranurado","","","","","completed","2026-02-26 00:36:06","","2026-02-26 00:48:06","f18c6919a7","AI Generated",""
"ai-3dc4830427f64e2c8313aa2a","Santiago","Sánchez","DataGrid MX","71","30","85","3","cables azules","Partner Portal de Panduit","Instalación más simple y rápida","Verdadero","Falso","Ducto ranurado","","","","","completed","2026-02-01 01:27:06","","2026-02-01 01:42:06","f18c6919a7","AI Generated",""
"ai-b2ae5af743e9439c90ea8aa6","Camila","Sánchez","Conecta Pro","63","40","70","5","cables negros","Partner Portal de Panduit","Transmisión de datos y potencia","Falso","Falso","Wire Duct","","","","","completed","2026-03-03 22:11:06","","2026-03-03 22:18:06","f18c6919a7","AI Generated",""
"ai-9797384b230744ec9fa633bc","Sebastián","Pérez","Conecta Pro","105","50","85","6","cables negros","Partner Portal de Panduit","Menor costo total de implementación","Falso","Falso","Canaleta","","","","","completed","2026-03-14 20:25:06","","2026-03-14 20:42:06","f18c6919a7","AI Generated",""
"ai-c172f8a192d14e9d83d00803","Sebastián","Martínez","Conecta Pro","44","10","85","3","cables negros","Digital ToolBox de Panduit","Instalación más simple y rápida","Falso","Verdadero","Ducto ranurado","","","","","completed","2026-02-24 10:23:06","","2026-02-24 10:24:06","f18c6919a7","AI Generated",""
"ai-712a1074a479489183ffa046","Sebastián","Martínez","Conecta Pro","109","50","100","2","cables negros","CREM (Creative Resources Matrix)","Transmisión de datos y potencia","Falso","Falso","Ducto ranurado","","","","","completed","2026-01-25 04:27:06","","2026-01-25 04:34:06","f18c6919a7","AI Generated",""
"ai-5c2e34846d5f4052901df151","Santiago","García","NetCore Solutions","25","60","55","8","cables azules","Digital ToolBox de Panduit","Instalación más simple y rápida","Verdadero","Falso","Wire Duct","","","","","completed","2026-01-28 04:41:06","","2026-01-28 04:51:06","f18c6919a7","AI Generated",""
"ai-c724cc57588c4953bad5a3e2","Valentina","García","DataGrid MX","83","60","40","3","cables azules","Partner Portal de Panduit","Instalación más simple y rápida","Verdadero","Verdadero","Wire Duct","","","","","completed","2026-03-22 06:20:06","","2026-03-22 06:49:06","f18c6919a7","AI Generated",""
"ai-e715e3ac1a154a1fa02f3f71","Mateo","Sánchez","NetCore Solutions","16","60","70","8","cables negros","CREM (Creative Resources Matrix)","Instalación más simple y rápida","Verdadero","Verdadero","Canaleta","","","","","completed","2026-03-21 19:38:06","","2026-03-21 19:57:06","f18c6919a7","AI Generated",""
"ai-65cf934c260c494b8de4286d","Sebastián","Rodríguez","NetCore Solutions","40","20","85","8","cables azules","CREM (Creative Resources Matrix)","Transmisión de datos y potencia","Falso","Verdadero","Ducto ranurado","","","","","completed","2026-03-13 08:39:06","","2026-03-13 09:05:06","f18c6919a7","AI Generated",""
"ai-20726ec1a95643de9373ca69","Camila","López","InfraLink Systems","59","40","55","8","cables azules","Partner Portal de Panduit","Menor costo total de implementación","Verdadero","Verdadero","Canaleta","","","","","completed","2026-01-13 18:35:06","","2026-01-13 18:49:06","f18c6919a7","AI Generated",""
"ai-a1558cb7f6764f0586cdac58","Mateo","López","Conecta Pro","49","20","70","4","cables negros","CREM (Creative Resources Matrix)","Instalación más simple y rápida","Verdadero","Falso","Wire Duct","","","","","completed","2026-02-24 14:49:06","","2026-02-24 15:09:06","f18c6919a7","AI Generated",""
"ai-fc7e1ffabe8046b2bcb10d51","Santiago","Sánchez","DataGrid MX","25","60","40","8","cables azules","Digital ToolBox de Panduit","Menor costo total de implementación","Falso","Verdadero","Ducto ranurado","","","","","completed","2026-03-14 20:08:06","","2026-03-14 20:14:06","f18c6919a7","AI Generated",""
"ai-1acf18dfec4f40fbb7bf5433","Santiago","Rodríguez","DataGrid MX","104","10","55","3","cables azules","CREM (Creative Resources Matrix)","Menor costo total de implementación","Falso","Verdadero","Canaleta","","","","","completed","2026-02-26 12:27:06","","2026-02-26 12:53:06","f18c6919a7","AI Generated",""
"ai-24b864dafc1a4d198faa6cd5","Sofía","García","Conecta Pro","16","10","85","8","cables azules","Digital ToolBox de Panduit","Menor costo total de implementación","Verdadero","Falso","Ducto ranurado","","","","","completed","2026-02-22 19:02:06","","2026-02-22 19:19:06","f18c6919a7","AI Generated",""
"ai-a11be65a094d4f20b1485938","Santiago","García","DataGrid MX","44","50","100","2","cables azules","Partner Portal de Panduit","Instalación más simple y rápida","Verdadero","Falso","Wire Duct","","","","","completed","2026-02-05 20:42:06","","2026-02-05 21:08:06","f18c6919a7","AI Generated",""
"ai-cccf2f3018984b6aaeea98ee","Mateo","López","NetCore Solutions","19","60","55","2","cables negros","Partner Portal de Panduit","Menor costo total de implementación","Verdadero","Verdadero","Ducto ranurado","","","","","completed","2026-02-15 11:16:06","","2026-02-15 11:20:06","f18c6919a7","AI Generated",""
"ai-53b56c34573743838fb1bf60","Santiago","García","InfraLink Systems","30","40","85","2","cables negros","CREM (Creative Resources Matrix)","Menor costo total de implementación","Verdadero","Falso","Canaleta","","","","","completed","2026-01-25 02:27:06","","2026-01-25 02:36:06","f18c6919a7","AI Generated",""
"ai-8d9233857d624efe90650e3b","Valentina","Pérez","NetCore Solutions","15","20","70","3","cables negros","Partner Portal de Panduit","Instalación más simple y rápida","Verdadero","Verdadero","Ducto ranurado","","","","","completed","2026-01-24 07:32:06","","2026-01-24 07:52:06","f18c6919a7","AI Generated",""
"ai-5a598f9fdf614c1891faf08d","Sofía","Rodríguez","NetCore Solutions","34","60","40","3","cables negros","CREM (Creative Resources Matrix)","Transmisión de datos y potencia","Falso","Falso","Ducto ranurado","","","","","completed","2026-03-06 09:21:06","","2026-03-06 09:45:06","f18c6919a7","AI Generated",""
"ai-327208bfaf734e0995585856","Mateo","Rodríguez","Conecta Pro","113","60","70","2","cables negros","Digital ToolBox de Panduit","Transmisión de datos y potencia","Falso","Falso","Wire Duct","","","","","completed","2026-01-13 01:09:06","","2026-01-13 01:24:06","f18c6919a7","AI Generated",""
"ai-9a1ef6f781cf4f2bbbdbcbc5","Sebastián","Rodríguez","Conecta Pro","108","40","70","5","cables azules","Partner Portal de Panduit","Menor costo total de implementación","Verdadero","Verdadero","Ducto ranurado","","","","","completed","2026-03-10 10:57:06","","2026-03-10 11:24:06","f18c6919a7","AI Generated",""
"ai-e1491a7d2c3443288a6d48de","Mateo","López","InfraLink Systems","15","20","100","4","cables negros","CREM (Creative Resources Matrix)","Menor costo total de implementación","Verdadero","Verdadero","Ducto ranurado","","","","","completed","2026-01-09 07:47:06","","2026-01-09 07:53:06","f18c6919a7","AI Generated",""
"ai-c22f6156f27c42399181f581","Sofía","García","Conecta Pro","49","50","85","5","cables negros","Digital ToolBox de Panduit","Transmisión de datos y potencia","Verdadero","Falso","Canaleta","","","","","completed","2026-01-10 23:52:06","","2026-01-11 00:01:06","f18c6919a7","AI Generated",""
"ai-4979cd27abbc4f66a299a576","Sebastián","López","InfraLink Systems","109","50","70","3","cables negros","Partner Portal de Panduit","Transmisión de datos y potencia","Falso","Falso","Ducto ranurado","","","","","completed","2026-03-25 10:34:06","","2026-03-25 10:38:06","f18c6919a7","AI Generated",""
"ai-3cfaed4a149241129db12856","Valentina","López","DataGrid MX","108","40","85","5","cables negros","Partner Portal de Panduit","Instalación más simple y rápida","Verdadero","Falso","Canaleta","","","","","completed","2026-02-17 18:32:06","","2026-02-17 18:43:06","f18c6919a7","AI Generated",""
"ai-86ae335b50844c10b738373f","Sebastián","Sánchez","InfraLink Systems","44","60","85","2","cables azules","Digital ToolBox de Panduit","Transmisión de datos y potencia","Falso","Verdadero","Canaleta","","","","","completed","2026-01-25 23:33:06","","2026-01-25 23:46:06","f18c6919a7","AI Generated",""
"ai-82ffd9b9a08245909cebe5b9","Camila","Sánchez","InfraLink Systems","106","50","100","8","cables negros","Digital ToolBox de Panduit","Instalación más simple y rápida","Falso","Verdadero","Ducto ranurado","","","","","completed","2026-03-15 02:43:06","","2026-03-15 02:50:06","f18c6919a7","AI Generated",""
"ai-2077fb50f5204c0c9aab2524","Sebastián","Martínez","Conecta Pro","33","40","70","8","cables negros","CREM (Creative Resources Matrix)","Transmisión de datos y potencia","Falso","Falso","Canaleta","","","","","completed","2026-01-12 05:16:06","","2026-01-12 05:34:06","f18c6919a7","AI Generated",""
"ai-e5a2f9ad9e8f4b9ca7f56e36","Camila","López","Conecta Pro","69","60","85","5","cables azules","CREM (Creative Resources Matrix)","Menor costo total de implementación","Verdadero","Verdadero","Canaleta","","","","","completed","2026-01-10 16:50:06","","2026-01-10 16:55:06","f18c6919a7","AI Generated",""
"ai-4b3f4200a237433b9f9f87d6","Valentina","Martínez","DataGrid MX","56","10","85","3","cables negros","CREM (Creative Resources Matrix)","Transmisión de datos y potencia","Verdadero","Falso","Ducto ranurado","","","","","completed","2026-02-20 14:45:06","","2026-02-20 14:55:06","f18c6919a7","AI Generated",""
"ai-ff1dea6dbbed43b8a4682736","Sofía","López","InfraLink Systems","95","10","70","5","cables azules","CREM (Creative Resources Matrix)","Transmisión de datos y potencia","Verdadero","Verdadero","Wire Duct","","","","","completed","2026-03-24 14:53:06","","2026-03-24 14:54:06","f18c6919a7","AI Generated",""
"ai-5317181f2eae455abee31d9d","Sofía","García","Conecta Pro","81","10","100","4","cables negros","CREM (Creative Resources Matrix)","Menor costo total de implementación","Falso","Falso","Ducto ranurado","","","","","completed","2026-02-08 16:16:06","","2026-02-08 16:32:06","f18c6919a7","AI Generated",""
"ai-24e932fbe8c2477ca09abf63","Sofía","López","InfraLink Systems","50","50","85","3","cables azules","Partner Portal de Panduit","Transmisión de datos y potencia","Falso","Verdadero","Wire Duct","","","","","completed","2026-03-01 07:55:06","","2026-03-01 08:10:06","f18c6919a7","AI Generated",""
"ai-a93fd3e267d2469d85b10bca","Sebastián","García","DataGrid MX","52","10","40","2","cables azules","Partner Portal de Panduit","Menor costo total de implementación","Falso","Verdadero","Wire Duct","","","","","completed","2026-01-28 02:06:06","","2026-01-28 02:32:06","f18c6919a7","AI Generated",""
"ai-9e38733ca51141b5a3d22400","Santiago","Martínez","InfraLink Systems","71","30","70","3","cables azules","CREM (Creative Resources Matrix)","Menor costo total de implementación","Falso","Verdadero","Ducto ranurado","","","","","completed","2026-02-13 08:29:06","","2026-02-13 08:58:06","f18c6919a7","AI Generated",""
"ai-9be400d3aed540099c3cf6bb","Santiago","Sánchez","DataGrid MX","57","30","70","2","cables negros","Digital ToolBox de Panduit","Transmisión de datos y potencia","Verdadero","Falso","Ducto ranurado","","","","","completed","2026-03-13 06:12:06","","2026-03-13 06:22:06","f18c6919a7","AI Generated",""
"ai-f92540baf0f64b4faa97fb70","Valentina","Rodríguez","InfraLink Systems","30","50","100","6","cables negros","Partner Portal de Panduit","Transmisión de datos y potencia","Falso","Verdadero","Canaleta","","","","","completed","2026-01-26 23:14:06","","2026-01-26 23:24:06","f18c6919a7","AI Generated",""
"ai-9b5f3744d4bd43738c04e198","Camila","Sánchez","InfraLink Systems","24","30","55","2","cables negros","Digital ToolBox de Panduit","Instalación más simple y rápida","Falso","Falso","Wire Duct","","","","","completed","2026-01-15 10:46:06","","2026-01-15 10:47:06","f18c6919a7","AI Generated",""
"ai-afbd221d86f84b9b9c04c8fe","Camila","Pérez","NetCore Solutions","103","10","55","5","cables azules","Digital ToolBox de Panduit","Instalación más simple y rápida","Falso","Verdadero","Canaleta","","","","","completed","2026-01-16 21:43:06","","2026-01-16 22:09:06","f18c6919a7","AI Generated",""
"ai-82712de4e7794f07b02e2ec0","Sofía","Pérez","InfraLink Systems","95","20","70","6","cables azules","Digital ToolBox de Panduit","Instalación más simple y rápida","Verdadero","Falso","Canaleta","","","","","completed","2026-01-30 23:23:06","","2026-01-30 23:46:06","f18c6919a7","AI Generated",""
"ai-02d8880c77f24a1bbf58ec11","Santiago","Martínez","Conecta Pro","57","40","100","6","cables azules","Digital ToolBox de Panduit","Transmisión de datos y potencia","Falso","Falso","Wire Duct","","","","","completed","2026-02-02 14:45:06","","2026-02-02 15:00:06","f18c6919a7","AI Generated",""
"ai-1b2662355ceb4116b54d70a1","Mateo","López","DataGrid MX","112","40","40","4","cables negros","Partner Portal de Panduit","Instalación más simple y rápida","Verdadero","Verdadero","Wire Duct","","","","","completed","2026-02-20 00:43:06","","2026-02-20 01:10:06","f18c6919a7","AI Generated",""
"ai-c22cbbe2886a4db287cec4e9","Camila","Rodríguez","DataGrid MX","109","20","55","8","cables azules","Digital ToolBox de Panduit","Instalación más simple y rápida","Falso","Falso","Canaleta","","","","","completed","2026-03-10 07:39:06","","2026-03-10 08:06:06","f18c6919a7","AI Generated",""
"ai-c00e7e4522284250a1feea7e","Santiago","García","DataGrid MX","106","20","100","8","cables azules","Digital ToolBox de Panduit","Transmisión de datos y potencia","Falso","Falso","Ducto ranurado","","","","","completed","2026-02-09 20:17:06","","2026-02-09 20:19:06","f18c6919a7","AI Generated",""
"ai-658bca3e8723433f81dfae33","Sebastián","Pérez","Conecta Pro","14","40","40","5","cables negros","CREM (Creative Resources Matrix)","Instalación más simple y rápida","Verdadero","Verdadero","Canaleta","","","","","completed","2026-03-13 12:52:06","","2026-03-13 13:16:06","f18c6919a7","AI Generated",""
